{"schemaVersion":"1.0","appDefinitionTemplate":{"id":"/providers/Microsoft.PowerApps/apps/","type":"Microsoft.PowerApps/apps","tags":{"primaryDeviceWidth":"640","primaryDeviceHeight":"640","supportsPortrait":"true","supportsLandscape":"true","primaryFormFactor":"Phone","publisherVersion":"3.22122.15","minimumRequiredApiVersion":"2.2.0","hasComponent":"false","hasUnlockedComponent":"false","isUnifiedRootApp":"false","sienaVersion":"20230107T130223Z-3.22122.15.0"},"properties":{"appVersion":"2023-01-07T13:02:23Z","lifeCycleId":"Published","createdByClientVersion":{"major":3,"minor":22122,"build":15,"revision":0,"majorRevision":0,"minorRevision":0},"minClientVersion":{"major":3,"minor":22122,"build":15,"revision":0,"majorRevision":0,"minorRevision":0},"backgroundColor":"rgba(255, 255, 255, 1)","backgroundImageUri":"/261944786054469081/Ne0b9808c-f3f4-4f22-b00f-5d0c4e34040c-logoSmallFile","displayName":"Stopwatch","description":"","commitMessage":"","appUris":{"documentUri":{"value":"/261944786054469081/N43aaa530-de98-4ea5-adb4-0501e678033b-document.msapp"},"imageUris":[],"additionalUris":[]},"createdTime":"0001-01-01T00:00:00Z","lastModifiedTime":"0001-01-01T00:00:00Z","sharedGroupsCount":0,"sharedUsersCount":0,"icons":{"smallIconUri":"/261944786054469081/N70000442-d9b4-487b-a85f-ea19f65c781f-small.png","mediumIconUri":"/261944786054469081/N752a0124-5e15-4f6b-b076-d7c2e33894df-medium.png","largeIconUri":"/261944786054469081/Ncb54195c-061b-4297-89df-ce622a28f01e-large.png","wideIconUri":"/261944786054469081/Nea5c68be-53c5-40f2-8ef4-52f4deecd0bb-wide.png"},"connectionReferences":{},"databaseReferences":{},"almMode":"Environment","performanceOptimizationEnabled":true,"canConsumeAppPass":true,"enableModernRuntimeMode":false,"executionRestrictions":{"isTeamsOnly":false,"dataLossPreventionEvaluationResult":{"status":"Compliant","lastEvaluationDate":"2022-11-17T10:54:33.3466488Z","violations":[],"violationsByPolicy":[],"violationErrorMessage":"このアプリでは、次のコネクタが使用されます: 。"}}},"appType":"ClassicCanvasApp","appComponents":[]}}